Word,Frequency
beautiful,23
city,10
place,9
seem,9
see,9
clean,8
building,8
architecture,8
weather,7
nice,7
interesting,7
amazing,6
dubai,6
warm,5
view,5
many,5
world,5
water,5
gorgeous,4
night,4
area,4
large,3
rich,3
sight,3
visit,3
hotel,3
culture,3
walk,3
ocean,3
enjoy,3
peaceful,3
good,3
museum,3
beach,3
awesome,2
shopping,2
history,2
appear,2
great,2
think,2
clear,2
fun,2
life,2
people,2
big,2
like,2
scenery,2
tourist,2
destination,2
art,2
pretty,2
invite,2
cool,2
man,1
food,1
spacious,1
tank,1
tall,1
locate,1
diverse,1
inclusive,1
popular,1
mall,1
residential,1
location,1
interest,1
middle,1
contain,1
landmark,1
make,1
mosque,1
artsy,1
celebrate,1
success,1
easy,1
image,1
scenic,1
friendly,1
attraction,1
reflect,1
shape,1
body,1
surrounde,1
show,1
air,1
musuem,1
striking,1
unusual,1
accommodate,1
modern,1
loooke,1
tranquility,1
litre,1
love,1
time,1
nightlife,1
climate,1
country,1
expensive,1
restaurant,1
bet,1
capacity,1
check,1
aquarium,1
fresh,1
car,1
incorporate,1
environment,1
natural,1
showcase,1
designate,1
luxurious,1
town,1
landscape,1
disneyworld,1
healthy,1
polite,1
suspend,1
lavish,1
full,1
wonderful,1
interior,1
street,1
color,1
blue,1
unique,1
layout,1
land,1
different,1
term,1
planning,1
warn,1
overall,1
situate,1
adventure,1
img,1
park,1
theme,1
indoor,1
upscale,1
wold,1
feel,1
least,1
style,1
spot,1
hot,1
crowd,1
explore,1
setup,1
innovative,1
work,1
incredible,1
know,1
take,1
boat,1
light,1
highlight,1
